PC1,PC2,PC3,PC4,PC5,PC6,PC7,PC8,PC9,feature
0.2395799724349173,0.5077894357265303,0.10679398745631916,-0.2889714640863566,-0.21122369836756866,-0.3272967057965825,-0.001388566063505901,-0.6617805490069051,-0.012159581515054594,Inches
0.44754857323573594,0.0198983393519383,0.031201976192547578,0.17669652424392174,0.5957676102917497,0.02063340357232399,-0.6347689209069256,-0.09377709286581082,-0.004312397948050358,Ram
0.3019695168714285,0.48666875481568383,0.0007552971413825431,-0.2177684132477788,0.00917499623397855,-0.30594525458616784,0.05895816583994179,0.7262103279183596,0.00031085393805799656,Weight
0.4486892233853361,-0.16008383250216587,-0.01936852030412825,0.32311020989188305,0.3254749352806793,-0.1804129659122778,0.7177791743593369,-0.12077283695422962,-8.377924770127223e-05,Price
0.36189991307991826,-0.4253749521403615,0.17097206444354968,-0.30973938045481425,-0.23570762824093405,-0.021767784002491478,-0.06872826682803573,0.040605878206335336,0.7074675525720396,ScreenW
0.35462950915497016,-0.4357591353361323,0.16782026196085406,-0.3061218554074834,-0.23592631052936522,-0.019663477476429346,-0.06567743803940437,0.05292293563364205,-0.7066225422351836,ScreenH
0.2867312424170162,0.14317638755611106,0.14390511649093218,0.6989218715005249,-0.5898353289670766,0.1160963784416188,-0.15082650415261803,0.0628665690406528,-0.0005721988376608533,CPU_freq
-0.04328934551725078,0.2053869666408591,0.8245785873250869,-0.08437884933559459,0.17885442076189387,0.45464100498407467,0.17124936761374332,0.029574291115957954,-0.0020634355815461972,PrimaryStorage
0.33010861006186354,0.21393334652708396,-0.47876106201351876,-0.21952196901318194,-0.05756266662161949,0.7384189127396679,0.1314206973050673,-0.04481433508987223,-0.0017617710089990499,SecondaryStorage
