PC1,PC2,PC3,PC4,PC5,PC6,PC7,PC8,PC9,feature
0.18210848291169468,0.5472404792772462,0.1277837631337737,-0.23739435998903155,0.23199259419245,-0.24724608547273252,0.19518613232737686,-0.6644022359291187,-0.014157616837425537,Inches
0.45643935967460264,0.024107615294810647,-0.022224642867766937,0.20731650985695443,-0.5586095413707848,-0.12537537591319342,-0.5949663896170723,-0.25661980125235334,0.002352031067872776,Ram
0.24100077343506765,0.525626620803781,0.017914182395315982,-0.22376721893991058,0.013986259879501528,-0.3585879738091522,-0.107265942292748,0.6891679564192486,0.0017864898819647534,Weight
0.456643790806746,-0.15651089458420356,-0.03580839706375704,0.31733170955440704,-0.2798930857586917,-0.2127667985072871,0.7321956027301787,0.07259303119630235,-0.003022278421892855,Price
0.3977213904685089,-0.3586669690865927,0.20355843459056033,-0.3141200368540056,0.25873296793869177,0.010967843257056801,-0.07500800055029626,0.014136401760635794,0.7072334739805128,ScreenW
0.39078647020911134,-0.371852814730189,0.1980207535402616,-0.31464402851473394,0.2517027310769162,0.007006005833000603,-0.08448239173839796,0.026864216076880627,-0.7067786257361841,ScreenH
0.2866863633530021,0.19827078434030687,0.07971686014439622,0.6828405152095266,0.5589289457862407,0.25937013777809476,-0.14629510880228203,0.06902330976818821,-0.005724262576435312,CPU_freq
-0.04377873462933374,0.19216913643403008,0.8206608136634135,-0.018809554084344045,-0.3129937879740676,0.41354482698414624,0.10925688939020525,0.07984742111178027,-0.004400138154380897,PrimaryStorage
0.31127587224159897,0.23666618822047497,-0.470198906738429,-0.29256686356403927,-0.12221035279559261,0.7147263622013841,0.11915613513645482,0.02079361090620284,-0.00378988238433668,SecondaryStorage
