PC1,PC2,PC3,PC4,PC5,PC6,PC7,PC8,PC9,feature
0.2500749038483461,0.5009003868422974,0.1161370580429914,-0.23426303064748102,-0.23932563281514177,-0.33319669097997595,0.22850072334025356,-0.6305115728196504,0.01183823122564172,Inches
0.4569758246597051,0.0070874209118806375,-0.055589351645979154,0.04108226032453687,0.61358803149221,0.0033607012777842615,-0.5748989141507124,-0.2816631507838109,-0.0006908740193342835,Ram
0.31556677685684886,0.46477198981291995,-0.012100727345433115,-0.21498378133638282,-0.030049624573668443,-0.33602394236823274,-0.13972393843029113,0.7104209585419353,0.002089474029072713,Weight
0.44711862660503277,-0.17815987258805482,-0.06282313274574818,0.25718483976193074,0.3787589865653321,-0.10470598393332821,0.7299685506524847,0.10477110285386995,-0.0006510149981073694,Price
0.3565120878557701,-0.42336187834637823,0.21233893971100912,-0.24823650713847478,-0.28659871159466926,-0.01711385137206093,-0.07245353974142874,0.014717682968926081,-0.7064395454476583,ScreenW
0.34876044317839394,-0.4353048962959517,0.2068635294775018,-0.24777230282740237,-0.2784880465745805,-0.015309212166878009,-0.07506701934918233,0.02254508623201243,0.7076431758232548,ScreenH
0.2980340150464027,0.16004181356896707,0.14457327391319677,0.7990699630748179,-0.4253902473508341,0.11807304246453637,-0.17639832414595424,0.010329903044104659,0.005188912223959499,CPU_freq
-0.0012281585568565123,0.2604297301982575,0.7648094081642076,-0.12214805881057812,0.22205850453982917,0.5119194472379832,0.11971574430536353,0.08129376214727535,0.0030385967471519737,PrimaryStorage
0.3026180484000278,0.19781801983898636,-0.5344283175791398,-0.2337211600029784,-0.17863472141163364,0.6989729738606142,0.09256885555104086,-0.002414526045892422,0.001653998342003673,SecondaryStorage
