PC1,PC2,PC3,PC4,PC5,PC6,PC7,PC8,PC9,feature
0.22222195941381176,0.5291907620230536,0.1152436477210941,-0.26564804268378417,0.18593853056599735,-0.31142097901496635,0.015562622325392633,-0.6743199065622217,0.014793995489685742,Inches
0.44731824051970065,0.010999929451299129,0.0028103138416164485,0.19788142203105138,-0.5848328984304805,-0.011117753111558215,-0.64026998870347,-0.09229768605234495,0.0016713454765508833,Ram
0.284585294160281,0.5048086412177004,0.007385300564543394,-0.20700093961564184,-0.008590177883553873,-0.3187637143461996,0.05331023629162163,0.7188523516014061,0.0008561525925744867,Weight
0.4476960080736734,-0.15488469298216684,-0.03257564995943947,0.3247220906633305,-0.3249187609647409,-0.16364328873440154,0.7250674440192849,-0.10484510308131559,-0.0026049775833909957,Price
0.3798088341513507,-0.39723091201521843,0.17739484948060322,-0.32561419168556544,0.2362484160749186,-0.02334470198302522,-0.0630298236850745,0.030991098921287027,-0.7065180970761866,ScreenW
0.3723192504895734,-0.41037896301486787,0.17358354753800864,-0.32376754079770215,0.22758177094038223,-0.018976454547289356,-0.058213445343143426,0.04355235034946406,0.7075108714701316,ScreenH
0.3050010988306411,0.14637796650549822,0.09204987580827789,0.6782346114306195,0.6082853350359696,0.154648156065728,-0.1409011774098447,0.057107567315846514,0.005561997886438991,CPU_freq
-0.02362848618875274,0.21137073855139027,0.8093526072346416,-0.049487293484664956,-0.20000693616818765,0.48471343461382727,0.14385576349166634,0.04023475638196135,0.0005157027389973497,PrimaryStorage
0.3043730223315684,0.2206982501825532,-0.5103628954865187,-0.26206684721002693,0.011434661514563488,0.7174508283192591,0.11549103993014914,-0.03598939317542077,0.00041095242290616844,SecondaryStorage
