MDS1,MDS2,variable
-0.5015358228488397,0.18782697738564827,Inches
0.13613959167340123,-0.36069213529954264,Ram
-0.507383625023138,0.008727348911770585,Weight
0.30373960087781526,-0.2431503199611113,Price
0.5340557729818036,0.0453259828984731,ScreenW
0.5293005499003464,0.0557310695943829,ScreenH
-0.09173955623181078,0.019692252001695137,CPU_freq
-0.06425219232975261,0.6672395983697121,PrimaryStorage
-0.33832431899982507,-0.38070077390102813,SecondaryStorage
